rede;codigo;nome;url;vitrine;categoria;subtipo;moedaUSD
actionpay;14507;Segredo Lacrado;https://www.segredolacrado.com.br;;;;
actionpay;18083;Havaianas;https://www.havaianas.com.br;;;;
actionpay;18658;Dafiti;https://www.dafiti.com.br;;;;
lomadee;;eles.®;https://www.eles.com.br;;;;
actionpay;18409;Volcom;https://www.volcom.com.br;;;;
lomadee;;Colorstone;https://www.colorstone.com.br;;;;
lomadee;;Sou Nuaá;https://www.sounuaa.com.br;;;;
actionpay;18570;Dominna;https://www.dominna.com.br;;;;
lomadee;;Amoedo;https://www.amoedo.com.br;;;;
actionpay;18498;Contour;https://www.contourslim.com.br/;;;;
actionpay;18440;Ray-Ban;https://www.ray-ban.com/brazil;;;;
actionpay;18441;Sunglass Hut;https://www.sunglasshut.com/br;;;;
actionpay;18439;Oakley;https://www.oakley.com/pt-br;;;;
actionpay;18395;Calvin Klein;https://www.calvinklein.com.br;;;;
actionpay;16749;Pozzi Cosméticos;https://www.pozzi.com.br/;;;;
lomadee;;Simple Organic;https://www.simpleorganic.com.br;;;;
lomadee;;Drogaria Rosário;https://www.drogariarosario.com.br;;;;
actionpay;18414;L'Occitane Brasil;https://br.loccitaneaubresil.com/;;;;
actionpay;18418;Adcos;https://www.lojaadcos.com.br/;;;;
actionpay;18562;Yves Saint Laurent;https://www.yslbeauty.com.br/;;;;
lomadee;;Toymania;https://www.toymania.com.br;;;;
actionpay;12560;Petit Papillon;https://www.petitpapillon.com.br;;;;
awin;30511;Lego;https://www.lego.com.br;;;;
actionpay;18262;Lindt;https://www.lindt.com.br;;;;
actionpay;18572;Maria Pia;https://www.mariapiacasa.com.br;;;;
actionpay;14938;Madesa;https://loja.madesa.com/;;;;
actionpay;18460;Abriu Dormiu;https://www.abriudormiu.com.br;;;;
actionpay;18455;Ortoclass;https://www.ortoclass.com.br;;;;
lomadee;;Openbox2;https://www.openbox2.com.br;;;;
actionpay;11686;Netshoes;https://www.netshoes.com.br;;;;
lomadee;;Angeloni;https://www.angeloni.com.br;;;;
actionpay;18663;Primacial;https://www.primacial.com.br;;;;
awin;105615;Leveros;https://www.leveros.com.br;;;;
actionpay;13072;Polishop;https://www.polishop.com.br/;;;;
actionpay;18641;Samsung;https://shop.samsung.com/br/;;;;
actionpay;18566;Lyam Decor;https://www.lyamdecor.com.br/;;;;
actionpay;18318;Brastemp;https://www.brastemp.com.br/;;;;
actionpay;17013;Move Fitness;https://www.move.com.br/;;;;
actionpay;17009;Wine;https://www.wine.com.br/;;;;
actionpay;16521;Ponto da Porcelana;https://www.pontodaporcelana.com.br/;;;;
